Package Name,App Name,Hardened,Tool,Market,Fraud Sign,Red Packet Num,Fraud Num,Fraud Cat.
cn.baohong.app,包红,0,,Tencent,0,2,0,
cn.fangchan.fanzan,返赞,0,,Tencent,0,1,0,
cn.huiqing.walkday,走路赚点钱,0,,Tencent,1,3,1,1
cn.jxhb123.jxhb123,惊喜红包,0,,Tencent,0,1,0,
cn.youth.news,中青看点,1,360 Jiagu,Tencent,1,5,5,3/3/3/3/4'
com.bx.hbll,红包来了,1,360 Jiagu,Tencent,0,1,0,
com.cashtoutiao,惠头条,1,ManXi,Tencent,0,3,0,
com.cashwalk,惠运动,1,ManXi,Tencent,0,1,0,
com.chenglie.qhbvideo,趣红包短视频版,0,,Tencent,1,1,1,3
com.chilliv.shortvideo,辣椒短视频,1,360 Jiagu,Tencent,1,1,1,3
com.cxkj_soft.jwjbq,全民走路计步,1,360 Jiagu,Tencent,0,3,0,
com.ddyhq.youhuiquan,优惠券,1,360 Jiagu,Tencent,0,1,0,
com.dragon.read,番茄免费小说,0,,Tencent,0,2,0,
com.happycdz.zskj,充电开心赚,0,,Tencent,0,1,0,
com.hk.reader,番薯免费小说,1,Tencent Legu,Tencent,1,2,1,1
com.htzq.bf,灰兔赚钱,0,,Tencent,1,3,1,3
com.kling.hbao,快领红包短视频,1,360 Jiagu,Tencent,1,3,2,2/2'
com.ldd.redenvelope,极速红包管家,1,360 Jiagu,Tencent,0,1,0,
com.profit.run.much,零点跑步,1,360 Jiagu,Tencent,0,2,0,
com.quliang.video,乐趣喜刷,0,,Tencent,1,2,1,4
com.yaojiu.lajiao,辣椒极速版,1,360 Jiagu,Tencent,1,3,1,3
com.zebra.assp.cn,爱尚视频,1,360 Jiagu,Tencent,0,1,0,
bcmt.wurp.ibli,日日赚钱呗,1,Tencent Legu,Huawei,1,1,1,3
cn.jxhb123.jxsq123,惊喜红包,1,Bangcle,Huawei,0,1,0,
com.aaron.cgzq,猜歌赚钱,1,360 Jiagu,Huawei,0,2,0,
com.aaron.guess.dsj,猜题赚钱,1,360 Jiagu,Huawei,0,1,0,
com.cmoney.charg,每日充电赚钱,1,360 Jiagu,Huawei,1,4,1,2
com.hdx.dzzq,打字赚钱,1,360 Jiagu,Huawei,0,1,0,
com.jifen.qukan,趣头条,0,,Huawei,1,4,1,3
com.kmxs.reader,七猫免费小说,0,,Huawei,0,3,0,
com.maihan.tredian,淘最热点,0,,Huawei,1,5,1,1
com.smile.dayvideo,每日红包,0,,Huawei,1,1,1,2
com.swjd.fastfunny,快趣赚钱,0,,Huawei,1,4,3,2/2/1'
com.viewstap.zhuandian,赚点,1,360 Jiagu,Huawei,0,1,0,
com.xy.intact,每日红包短视频,0,,Huawei,1,4,3,2/2/2'
com.yycl.tzvideo,红包视频,0,,Huawei,0,1,0,
com.zoulu.diandian,点点走路赚钱,0,,Huawei,1,2,1,2
com.zyjh.dxjz,大象兼职,1,360 Jiagu,Huawei,1,1,1,2
qxian.sguang.zhuan,闲时赚一点,1,Tencent Legu,Huawei,1,1,1,2
zhuanq.qian.jisub,赚钱了,1,Tencent Legu,Huawei,1,1,1,2
cn.uqu8.naojin,答题赚钱,1,360 Jiagu,Xiaomi,0,2,0,
com.aaron.guessmusic,猜歌赚钱,1,360 Jiagu,Xiaomi,0,1,0,
com.csxx.walker,人人走路赚钱,0,,Xiaomi,0,4,0,
com.fread.interestingnovel,免费趣小说,0,,Xiaomi,0,2,0,
com.ftl.rmlite,一米赚钱,1,360 Jiagu,Xiaomi,1,1,1,2
com.jd.app.reader,京东读书,0,,Xiaomi,1,2,1,2
com.jz.xydj,星芽免费短剧,0,,Xiaomi,1,3,1,2
com.lechuan.mdwz,米读极速版,0,,Xiaomi,0,3,0,
com.moji.mjweather.light,墨迹天气极速版,0,,Xiaomi,1,2,1,2
com.mptqv.jrwk,走路赚钱宝,1,360 Jiagu,Xiaomi,1,4,1,1
com.nxeran.zlzql,走路赚钱来,1,dpt-shell,Xiaomi,0,2,0,
com.qqx.kuai,打字赚钱快,0,,Xiaomi,1,2,1,1
com.qsmy.walkmonkey,步多多,0,,Xiaomi,1,3,2,1/3'
com.sakura.mzlite,米多赚钱,1,360 Jiagu,Xiaomi,1,1,1,2
com.wifi.reader.free,连尚免费读书,0,,Xiaomi,0,3,0,
com.xs.fm.lite,番茄畅听音乐版,0,,Xiaomi,1,4,2,1/2'
com.zebra.jdsp.cn,极豆视频,1,360 Jiagu,Xiaomi,0,3,0,
com.happy.happywalk,Make Money,0,,Google,0,2,0,
com.suiyuexiaoshuo,随阅小说大全,0,,Google,0,1,0,
com.zhangyue.read,iReader,0,,Google,0,2,0,
Total,60,,,,29,128,40,
,,,,,,,,
,,,,,,,,
Cat. 1,No actual reward,8,,,,,,
Cat. 2,Reward amount inconsistent with promises,19,,,,,,
Cat. 3,Reward amount far below advertised maximum,11,,,,,,
Cat. 4,Exaggerated and misleading reward claims,2,,,,,,
Total,,40,,,,,,
